{
  "mappings": {
    "mlb:arizona_diamondbacks": "ari",
    "mlb:athletics": "ath",
    "mlb:atlanta_braves": "atl",
    "mlb:baltimore_orioles": "bal",
    "mlb:boston_red_sox": "bos",
    "mlb:chicago_cubs": "chc",
    "mlb:chicago_white_sox": "chw",
    "mlb:cincinnati_reds": "cin",
    "mlb:cleveland_guardians": "cle",
    "mlb:colorado_rockies": "col",
    "mlb:detroit_tigers": "det",
    "mlb:houston_astros": "hou",
    "mlb:kansas_city_royals": "kc",
    "mlb:los_angeles_angels": "laa",
    "mlb:los_angeles_dodgers": "lad",
    "mlb:miami_marlins": "mia",
    "mlb:milwaukee_brewers": "mil",
    "mlb:minnesota_twins": "min",
    "mlb:new_york_mets": "nym",
    "mlb:new_york_yankees": "nyy",
    "mlb:oakland_athletics": "ath",
    "mlb:philadelphia_phillies": "phi",
    "mlb:pittsburgh_pirates": "pit",
    "mlb:san_diego_padres": "sd",
    "mlb:san_francisco_giants": "sf",
    "mlb:seattle_mariners": "sea",
    "mlb:st_louis_cardinals": "stl",
    "mlb:tampa_bay_rays": "tb",
    "mlb:texas_rangers": "tex",
    "mlb:toronto_blue_jays": "tor",
    "mlb:washington_nationals": "wsh",
    "nba:atlanta_hawks": "atl",
    "nba:boston_celtics": "bos",
    "nba:brooklyn_nets": "bkn",
    "nba:charlotte_hornets": "cha",
    "nba:chicago_bulls": "chi",
    "nba:cleveland_cavaliers": "cle",
    "nba:dallas_mavericks": "dal",
    "nba:denver_nuggets": "den",
    "nba:detroit_pistons": "det",
    "nba:golden_state_warriors": "gsw",
    "nba:houston_rockets": "hou",
    "nba:indiana_pacers": "ind",
    "nba:la_clippers": "lac",
    "nba:la_lakers": "lal",
    "nba:los_angeles_clippers": "lac",
    "nba:los_angeles_lakers": "lal",
    "nba:memphis_grizzlies": "mem",
    "nba:miami_heat": "mia",
    "nba:milwaukee_bucks": "mil",
    "nba:minnesota_timberwolves": "min",
    "nba:new_orleans_pelicans": "nop",
    "nba:new_york_knicks": "nyk",
    "nba:oklahoma_city_thunder": "okc",
    "nba:orlando_magic": "orl",
    "nba:philadelphia_76ers": "phi",
    "nba:phoenix_suns": "phx",
    "nba:portland_trail_blazers": "por",
    "nba:sacramento_kings": "sac",
    "nba:san_antonio_spurs": "sas",
    "nba:toronto_raptors": "tor",
    "nba:utah_jazz": "uta",
    "nba:washington_wizards": "was",
    "ncaab:alabama_a_and_m": "alabamaaandm",
    "ncaab:alabama_a_and_m_bulldogs": "alabamaaandm",
    "ncaab:alabama_saint": "alabamast",
    "ncaab:alabama_saint_hornets": "alabamast",
    "ncaab:alabama_st": "alabamast",
    "ncaab:alabama_st_hornets": "alabamast",
    "ncaab:alabama_state_hornets": "alabamast",
    "ncaab:alcorn_saint": "alcornst",
    "ncaab:alcorn_saint_braves": "alcornst",
    "ncaab:alcorn_st": "alcornst",
    "ncaab:alcorn_st_braves": "alcornst",
    "ncaab:alcorn_state_braves": "alcornst",
    "ncaab:arkansas": "arkansas",
    "ncaab:arkansas_pine_bluff": "arkansaspinebluff",
    "ncaab:arkansas_pine_bluff_golden_lions": "arkansaspinebluff",
    "ncaab:arkansas_razorbacks": "arkansas",
    "ncaab:auburn": "auburn",
    "ncaab:auburn_tigers": "auburn",
    "ncaab:baylor": "baylor",
    "ncaab:baylor_bears": "baylor",
    "ncaab:bethune_cookman": "bethunecookman",
    "ncaab:bethune_cookman_wildcats": "bethunecookman",
    "ncaab:brown": "brown",
    "ncaab:brown_bears": "brown",
    "ncaab:chicago_saint": "chicagost",
    "ncaab:chicago_saint_cougars": "chicagost",
    "ncaab:chicago_st": "chicagost",
    "ncaab:chicago_st_cougars": "chicagost",
    "ncaab:chicago_state_cougars": "chicagost",
    "ncaab:clemson": "clemson",
    "ncaab:clemson_tigers": "clemson",
    "ncaab:colorado": "colorado",
    "ncaab:colorado_buffaloes": "colorado",
    "ncaab:columbia": "columbia",
    "ncaab:columbia_lions": "columbia",
    "ncaab:cornell": "cornell",
    "ncaab:cornell_big_red": "cornell",
    "ncaab:dartmouth": "dartmouth",
    "ncaab:dartmouth_big_green": "dartmouth",
    "ncaab:duquesne": "duquesne",
    "ncaab:duquesne_dukes": "duquesne",
    "ncaab:east_texas_a_and_m": "easttexasaandm",
    "ncaab:east_texas_a_and_m_lions": "easttexasaandm",
    "ncaab:fairfield": "fairfield",
    "ncaab:fairfield_stags": "fairfield",
    "ncaab:fairleigh_dickinson": "fairleighdickinson",
    "ncaab:fairleigh_dickinson_knights": "fairleighdickinson",
    "ncaab:florida": "florida",
    "ncaab:florida_a_and_m": "floridaaandm",
    "ncaab:florida_a_and_m_rattlers": "floridaaandm",
    "ncaab:florida_gators": "florida",
    "ncaab:florida_saint": "floridast",
    "ncaab:florida_saint_seminoles": "floridast",
    "ncaab:florida_st": "floridast",
    "ncaab:florida_st_seminoles": "floridast",
    "ncaab:florida_state_seminoles": "floridast",
    "ncaab:george_mason": "georgemason",
    "ncaab:george_mason_patriots": "georgemason",
    "ncaab:george_washington": "gw",
    "ncaab:george_washington_revolutionaries": "gw",
    "ncaab:georgia": "georgia",
    "ncaab:georgia_bulldogs": "georgia",
    "ncaab:gw": "gw",
    "ncaab:gw_revolutionaries": "gw",
    "ncaab:hampton": "hampton",
    "ncaab:hampton_pirates": "hampton",
    "ncaab:harvard": "harvard",
    "ncaab:harvard_crimson": "harvard",
    "ncaab:houston_christian": "houstonchristian",
    "ncaab:houston_christian_huskies": "houstonchristian",
    "ncaab:incarnate_word": "incarnateword",
    "ncaab:incarnate_word_cardinals": "incarnateword",
    "ncaab:indiana": "indiana",
    "ncaab:indiana_hoosiers": "indiana",
    "ncaab:iona": "iona",
    "ncaab:iona_gaels": "iona",
    "ncaab:iowa": "iowa",
    "ncaab:iowa_hawkeyes": "iowa",
    "ncaab:iowa_st": "iowastate",
    "ncaab:iowa_st_cyclones": "iowastate",
    "ncaab:iowa_state": "iowastate",
    "ncaab:iowa_state_cyclones": "iowastate",
    "ncaab:jackson_saint": "jacksonst",
    "ncaab:jackson_saint_tigers": "jacksonst",
    "ncaab:jackson_st": "jacksonst",
    "ncaab:jackson_st_tigers": "jacksonst",
    "ncaab:jackson_state_tigers": "jacksonst",
    "ncaab:kansas": "kansas",
    "ncaab:kansas_jayhawks": "kansas",
    "ncaab:kansas_saint": "kansasst",
    "ncaab:kansas_saint_wildcats": "kansasst",
    "ncaab:kansas_st": "kansasst",
    "ncaab:kansas_st_wildcats": "kansasst",
    "ncaab:kansas_state_wildcats": "kansasst",
    "ncaab:kent_st_golden": "kentstate",
    "ncaab:kent_st_golden_flashes": "kentstate",
    "ncaab:kent_state": "kentstate",
    "ncaab:kent_state_golden": "kentstate",
    "ncaab:kent_state_golden_flashes": "kentstate",
    "ncaab:lamar": "lamar",
    "ncaab:lamar_cardinals": "lamar",
    "ncaab:le_moyne": "lemoyne",
    "ncaab:le_moyne_dolphins": "lemoyne",
    "ncaab:lehigh": "lehigh",
    "ncaab:lehigh_mountain_hawks": "lehigh",
    "ncaab:liu": "liu",
    "ncaab:liu_sharks": "liu",
    "ncaab:loyola": "loyolamd",
    "ncaab:loyola_greyhounds": "loyolamd",
    "ncaab:loyola_md": "loyolamd",
    "ncaab:loyola_md_greyhounds": "loyolamd",
    "ncaab:lsu": "lsu",
    "ncaab:lsu_tigers": "lsu",
    "ncaab:maine": "maine",
    "ncaab:maine_black_bears": "maine",
    "ncaab:manhattan": "manhattan",
    "ncaab:manhattan_jaspers": "manhattan",
    "ncaab:marist": "marist",
    "ncaab:marist_red_foxes": "marist",
    "ncaab:marquette": "marquette",
    "ncaab:marquette_golden_eagles": "marquette",
    "ncaab:mcneese": "mcneese",
    "ncaab:mcneese_cowboys": "mcneese",
    "ncaab:merrimack": "merrimack",
    "ncaab:merrimack_warriors": "merrimack",
    "ncaab:miami": "miami",
    "ncaab:miami_hurricanes": "miami",
    "ncaab:miami_oh": "miamioh",
    "ncaab:miami_oh_redhawks": "miamioh",
    "ncaab:miami_redhawks": "miamioh",
    "ncaab:michigan": "michigan",
    "ncaab:michigan_saint": "michiganst",
    "ncaab:michigan_saint_spartans": "michiganst",
    "ncaab:michigan_st": "michiganst",
    "ncaab:michigan_st_spartans": "michiganst",
    "ncaab:michigan_state_spartans": "michiganst",
    "ncaab:michigan_wolverines": "michigan",
    "ncaab:minnesota": "minnesota",
    "ncaab:minnesota_golden_gophers": "minnesota",
    "ncaab:miss_valley_saint": "missvalleyst",
    "ncaab:miss_valley_saint_delta_devils": "missvalleyst",
    "ncaab:miss_valley_st": "missvalleyst",
    "ncaab:miss_valley_st_delta_devils": "missvalleyst",
    "ncaab:miss_valley_state_delta_devils": "missvalleyst",
    "ncaab:missouri": "missouri",
    "ncaab:missouri_tigers": "missouri",
    "ncaab:montana": "montana",
    "ncaab:montana_grizzlies": "montana",
    "ncaab:montana_saint": "montanast",
    "ncaab:montana_saint_bobcats": "montanast",
    "ncaab:montana_st": "montanast",
    "ncaab:montana_st_bobcats": "montanast",
    "ncaab:montana_state_bobcats": "montanast",
    "ncaab:mount_st_marys": "mtstmarys",
    "ncaab:mount_st_marys_mountaineers": "mtstmarys",
    "ncaab:mt_saint_marys": "mtstmarys",
    "ncaab:mt_saint_marys_mountaineers": "mtstmarys",
    "ncaab:mt_st_marys": "mtstmarys",
    "ncaab:mt_st_marys_mountaineers": "mtstmarys",
    "ncaab:mt_state_marys": "mtstmarys",
    "ncaab:mt_state_marys_mountaineers": "mtstmarys",
    "ncaab:n_colorado": "ncolorado",
    "ncaab:n_colorado_bears": "ncolorado",
    "ncaab:nc_st": "ncstate",
    "ncaab:nc_st_wolfpack": "ncstate",
    "ncaab:nc_state": "ncstate",
    "ncaab:nc_state_wolfpack": "ncstate",
    "ncaab:new_hampshire": "newhampshire",
    "ncaab:new_hampshire_wildcats": "newhampshire",
    "ncaab:new_haven": "newhaven",
    "ncaab:new_haven_chargers": "newhaven",
    "ncaab:new_orleans": "neworleans",
    "ncaab:new_orleans_privateers": "neworleans",
    "ncaab:niagara": "niagara",
    "ncaab:niagara_purple_eagles": "niagara",
    "ncaab:nicholls_saint": "nichollsst",
    "ncaab:nicholls_saint_colonels": "nichollsst",
    "ncaab:nicholls_st": "nichollsst",
    "ncaab:nicholls_st_colonels": "nichollsst",
    "ncaab:nicholls_state_colonels": "nichollsst",
    "ncaab:north_carolina_a_and_t": "northcarolinaaandt",
    "ncaab:north_carolina_a_and_t_aggies": "northcarolinaaandt",
    "ncaab:northern_arizona": "northernarizona",
    "ncaab:northern_arizona_lumberjacks": "northernarizona",
    "ncaab:northern_colorado": "ncolorado",
    "ncaab:northern_colorado_bears": "ncolorado",
    "ncaab:northwestern_saint": "northwesternst",
    "ncaab:northwestern_saint_demons": "northwesternst",
    "ncaab:northwestern_st": "northwesternst",
    "ncaab:northwestern_st_demons": "northwesternst",
    "ncaab:northwestern_state_demons": "northwesternst",
    "ncaab:ohio_st": "ohiostate",
    "ncaab:ohio_st_buckeyes": "ohiostate",
    "ncaab:ohio_state": "ohiostate",
    "ncaab:ohio_state_buckeyes": "ohiostate",
    "ncaab:oklahoma": "oklahoma",
    "ncaab:oklahoma_saint": "oklahomast",
    "ncaab:oklahoma_saint_cowboys": "oklahomast",
    "ncaab:oklahoma_sooners": "oklahoma",
    "ncaab:oklahoma_st": "oklahomast",
    "ncaab:oklahoma_st_cowboys": "oklahomast",
    "ncaab:oklahoma_state_cowboys": "oklahomast",
    "ncaab:ole_miss": "olemiss",
    "ncaab:ole_miss_rebels": "olemiss",
    "ncaab:oregon": "oregon",
    "ncaab:oregon_ducks": "oregon",
    "ncaab:penn": "pennsylvania",
    "ncaab:pennsylvania": "pennsylvania",
    "ncaab:pennsylvania_quakers": "pennsylvania",
    "ncaab:prairie_view": "prairieview",
    "ncaab:prairie_view_panthers": "prairieview",
    "ncaab:princeton": "princeton",
    "ncaab:princeton_tigers": "princeton",
    "ncaab:providence": "providence",
    "ncaab:providence_friars": "providence",
    "ncaab:purdue": "purdue",
    "ncaab:purdue_boilermakers": "purdue",
    "ncaab:quinnipiac": "quinnipiac",
    "ncaab:quinnipiac_bobcats": "quinnipiac",
    "ncaab:rider": "rider",
    "ncaab:rider_broncs": "rider",
    "ncaab:rutgers": "rutgers",
    "ncaab:rutgers_scarlet_knights": "rutgers",
    "ncaab:sacred_heart": "sacredheart",
    "ncaab:sacred_heart_pioneers": "sacredheart",
    "ncaab:saint_johns": "stjohns",
    "ncaab:saint_johns_red_storm": "stjohns",
    "ncaab:saint_josephs": "saintjosephs",
    "ncaab:saint_josephs_hawks": "saintjosephs",
    "ncaab:saint_louis": "saintlouis",
    "ncaab:saint_louis_billikens": "saintlouis",
    "ncaab:saint_peters": "saintpeters",
    "ncaab:saint_peters_peacocks": "saintpeters",
    "ncaab:se_louisiana": "selouisiana",
    "ncaab:se_louisiana_lions": "selouisiana",
    "ncaab:seton_hall": "setonhall",
    "ncaab:seton_hall_pirates": "setonhall",
    "ncaab:siena": "siena",
    "ncaab:siena_saints": "siena",
    "ncaab:smu": "smu",
    "ncaab:smu_mustangs": "smu",
    "ncaab:south_carolina": "southcarolina",
    "ncaab:south_carolina_gamecocks": "southcarolina",
    "ncaab:southeastern_louisiana": "selouisiana",
    "ncaab:southeastern_louisiana_lions": "selouisiana",
    "ncaab:st_johns": "stjohns",
    "ncaab:st_johns_red_storm": "stjohns",
    "ncaab:st_josephs": "saintjosephs",
    "ncaab:st_josephs_hawks": "saintjosephs",
    "ncaab:st_louis": "saintlouis",
    "ncaab:st_louis_billikens": "saintlouis",
    "ncaab:st_peters": "saintpeters",
    "ncaab:st_peters_peacocks": "saintpeters",
    "ncaab:stephen_f_austin": "stephenfaustin",
    "ncaab:stephen_f_austin_lumberjacks": "stephenfaustin",
    "ncaab:tcu": "tcu",
    "ncaab:tcu_horned_frogs": "tcu",
    "ncaab:texas_a_and_m_cc": "texasaandmcc",
    "ncaab:texas_a_and_m_cc_islanders": "texasaandmcc",
    "ncaab:texas_southern": "texassouthern",
    "ncaab:texas_southern_tigers": "texassouthern",
    "ncaab:texas_tech": "texastech",
    "ncaab:texas_tech_red": "texastech",
    "ncaab:texas_tech_red_raiders": "texastech",
    "ncaab:ucf": "ucf",
    "ncaab:ucf_knights": "ucf",
    "ncaab:ucla": "ucla",
    "ncaab:ucla_bruins": "ucla",
    "ncaab:unlv": "unlv",
    "ncaab:unlv_rebels": "unlv",
    "ncaab:ut_rio_grande_valley": "utriograndevalley",
    "ncaab:ut_rio_grande_valley_vaqueros": "utriograndevalley",
    "ncaab:utah": "utah",
    "ncaab:utah_st": "utahstate",
    "ncaab:utah_st_aggies": "utahstate",
    "ncaab:utah_state": "utahstate",
    "ncaab:utah_state_aggies": "utahstate",
    "ncaab:utah_utes": "utah",
    "ncaab:vanderbilt": "vanderbilt",
    "ncaab:vanderbilt_commodores": "vanderbilt",
    "ncaab:vcu": "vcu",
    "ncaab:vcu_rams": "vcu",
    "ncaab:wagner": "wagner",
    "ncaab:wagner_seahawks": "wagner",
    "ncaab:wake_forest": "wakeforest",
    "ncaab:wake_forest_demon_deacons": "wakeforest",
    "ncaab:yale": "yale",
    "ncaab:yale_bulldogs": "yale",
    "nfl:arizona_cardinals": "ari",
    "nfl:atlanta_falcons": "atl",
    "nfl:baltimore_ravens": "bal",
    "nfl:buffalo_bills": "buf",
    "nfl:carolina_panthers": "car",
    "nfl:chicago_bears": "chi",
    "nfl:cincinnati_bengals": "cin",
    "nfl:cleveland_browns": "cle",
    "nfl:dallas_cowboys": "dal",
    "nfl:denver_broncos": "den",
    "nfl:detroit_lions": "det",
    "nfl:green_bay_packers": "gb",
    "nfl:houston_texans": "hou",
    "nfl:indianapolis_colts": "ind",
    "nfl:jacksonville_jaguars": "jac",
    "nfl:kansas_city_chiefs": "kc",
    "nfl:la_chargers": "lac",
    "nfl:la_rams": "la",
    "nfl:las_vegas_raiders": "lv",
    "nfl:los_angeles_chargers": "lac",
    "nfl:los_angeles_rams": "la",
    "nfl:miami_dolphins": "mia",
    "nfl:minnesota_vikings": "min",
    "nfl:new_england_patriots": "ne",
    "nfl:new_orleans_saints": "no",
    "nfl:new_york_giants": "nyg",
    "nfl:new_york_jets": "nyj",
    "nfl:philadelphia_eagles": "phi",
    "nfl:pittsburgh_steelers": "pit",
    "nfl:san_francisco_49ers": "sf",
    "nfl:seattle_seahawks": "sea",
    "nfl:tampa_bay_buccaneers": "tb",
    "nfl:tennessee_titans": "ten",
    "nfl:washington_commanders": "was",
    "nhl:anaheim_ducks": "ana",
    "nhl:boston_bruins": "bos",
    "nhl:buffalo_sabres": "buf",
    "nhl:calgary_flames": "cgy",
    "nhl:carolina_hurricanes": "car",
    "nhl:chicago_blackhawks": "chi",
    "nhl:colorado_avalanche": "col",
    "nhl:columbus_blue_jackets": "cbj",
    "nhl:dallas_stars": "dal",
    "nhl:detroit_red_wings": "det",
    "nhl:edmonton_oilers": "edm",
    "nhl:florida_panthers": "fla",
    "nhl:la_kings": "lak",
    "nhl:los_angeles_kings": "lak",
    "nhl:minnesota_wild": "min",
    "nhl:montreal_canadiens": "mtl",
    "nhl:nashville_predators": "nsh",
    "nhl:new_jersey_devils": "njd",
    "nhl:new_york_islanders": "nyi",
    "nhl:new_york_rangers": "nyr",
    "nhl:ottawa_senators": "ott",
    "nhl:philadelphia_flyers": "phi",
    "nhl:pittsburgh_penguins": "pit",
    "nhl:san_jose_sharks": "sjs",
    "nhl:seattle_kraken": "sea",
    "nhl:st_louis_blues": "stl",
    "nhl:tampa_bay_lightning": "tbl",
    "nhl:toronto_maple_leafs": "tor",
    "nhl:utah_hockey_club": "uta",
    "nhl:utah_mammoth": "uta",
    "nhl:vancouver_canucks": "van",
    "nhl:vegas_golden_knights": "vgk",
    "nhl:washington_capitals": "wsh",
    "nhl:winnipeg_jets": "wpg"
  }
}